Event Picture Ref No,Event Name,Description,Interest,Start Time,Finish Time,Event Date,End Date,Reapeat,Location,Lat/Lon,Website,Contact Number
Bellagio_W.jpg,Bellagio Gallery Of Fine Art,"Bellagio Gallery of Fine Art is Las Vegas? premier exhibition space?where great art goes on vacation. BGFA is committed to presenting intimate exhibitions featuring works by some of the world?s most compelling artists. Organized in partnership with museums and foundations from around the world, past exhibitions have included ?Picasso: Creatures and Creativity,? ?Faberg‚ Revealed,? ?Painting Women: Works from the Museum of Fine Arts, Boston,? ?Warhol Out West,? ?Figuratively Speaking: A Survey of the Human Form? and ?Classic Contemporary: Lichtenstein, Warhol and Friends.?",Arts,10:00:00 AM,8:00:00 PM,01.01.2019,31.12.2019,Everyday,"3600 Las Vegas Fwy, Las Vegas, NV 89109",36.112626-115.176705,https://www.bellagio.com/en/entertainment/gallery-of-fine-art.html,702 693 7871
Bellagio_V.jpg,Bellagio Conservatory & Botanical Gardens,"Each season, the enormously talented horticulturalists and designers who make up the Bellagio Conservatory team transform this 14,000-square-foot floral playground into a showcase of the distinctive sights and colors of spring, summer, fall and winter?along with a special display for Chinese New Year. When the seasons turn and the displays rotate, 90 percent of the trees, flowers and plants in the conservatory are recycled, to further celebrate our commitment to the earth.",Arts,12:00:00 AM,11:59:00 PM,01.01.2019,31.12.2019,Everyday,"3600 Las Vegas Fwy, Las Vegas, NV 89109",36.112626-115.176705,https://www.bellagio.com/en/entertainment/conservatory-botanical-garden.html,702 693 7871
,,,,,,,,,,,,
,,,,,,,,,,,,
,,,,,,,,,,,,
,,,,,,,,,,,,
,,,,,,,,,,,,
,,,,,,,,,,,,
,,,,,,,,,,,,
,,,,,,,,,,,,
,,,,,,,,,,,,
,,,,,,,,,,,,
,,,,,,,,,,,,
,,,,,,,,,,,,
